id,name,domain,industry,sub,country,region,city,size,revenue,founded,traffic,tech,signals,funding_round,funding_amount,funding_date,description,pains
co_1,Vantagepeak,vantagepeak.io,Professional Services,Engineering,United States,Midwest,Detroit,224,$50M–$100M,2000,494000,"[""Salesforce"",""Power BI""]",[],,,,Vantagepeak is an advisory firm serving mid-market and public-sector clients.,"[""partner time spent on origination"",""undifferentiated positioning"",""referral dependence""]"
co_2,Summitbridge,summitbridge.com,Professional Services,Engineering,Canada,Ontario,Oshawa,258,$100M+,2017,201000,"[""DocuSign"",""Power BI""]","[""Partnership announced"",""Launched new program"",""Expanding to new region""]",Grant,$15M,2024,Summitbridge is an advisory firm serving mid-market and public-sector clients.,"[""partner time spent on origination"",""undifferentiated positioning"",""referral dependence""]"
co_3,Maplegate,maplegate.co,SaaS,Vertical SaaS,Ireland,Leinster,Dublin,384,$100M+,2003,838000,"[""Snowflake"",""Stripe"",""React""]","[""Conference exhibitor"",""Partnership announced""]",Series A,$3.5M,2026,Maplegate sells a B2B software platform to mid-market operations teams.,"[""CAC creeping up"",""flat pipeline coverage"",""outbound not converting""]"
co_4,Driftpeak,driftpeak.org,EdTech,Student Success,Canada,Ontario,Pickering,56,$10M–$25M,1998,576000,"[""Stripe"",""Segment""]","[""Board expansion"",""Partnership announced""]",,,,"Driftpeak builds learning software sold into schools, colleges and corporate training teams.","[""long institutional sales cycles"",""procurement friction"",""seat expansion stalls"",""differentiating against incumbents""]"
co_5,Compassloop,compassloop.org,HealthTech,Clinical AI,Canada,British Columbia,Vancouver,106,$25M–$50M,1974,563000,"[""Epic"",""AWS"",""Salesforce""]","[""Expanding to new region""]",Grant,$250K,2022,Compassloop delivers clinical software to providers and care networks.,"[""procurement and privacy review"",""clinician adoption"",""reimbursement clarity""]"
co_6,Crestrise,crestrise.co,Corporate Training,Compliance Training,Canada,Ontario,London,504,$100M+,2019,684000,"[""Docebo"",""Articulate""]",[],Grant,$3.5M,2024,Crestrise designs and delivers workforce learning programs for enterprise clients.,"[""proving training ROI"",""low course completion"",""AI-skills gap across staff""]"
co_7,Driftpoint,driftpoint.ca,Nonprofit,Foundation,Canada,Ontario,Ottawa,39,$10M–$25M,1981,821000,"[""Raiser's Edge"",""Salesforce NPSP""]",[],Series B,$15M,2025,"Driftpoint runs mission programs funded by grants, members and public partners.","[""grant-cycle dependence"",""capacity constraints"",""measuring program outcomes""]"
co_8,Cedarwave,cedarwave.ca,Corporate Training,Leadership Development,United States,Midwest,Detroit,982,$100M+,2001,548000,"[""Docebo"",""Articulate"",""Workday""]","[""Expanding to new region"",""Launched new program"",""Website relaunch""]",,,,Cedarwave designs and delivers workforce learning programs for enterprise clients.,"[""proving training ROI"",""low course completion"",""AI-skills gap across staff""]"
co_9,Basinshift,basinshift.ca,Corporate Training,Leadership Development,United States,Midwest,Minneapolis,264,$100M+,1975,648000,"[""LinkedIn Learning"",""Docebo"",""Workday"",""Articulate""]","[""Job posts for AI roles"",""Partnership announced""]",,,,Basinshift designs and delivers workforce learning programs for enterprise clients.,"[""proving training ROI"",""low course completion"",""AI-skills gap across staff""]"
co_10,Oakmere College,oakmerecollege.edu,Higher Education,Continuing Studies,Canada,Alberta,Edmonton,2507,$100M+,2002,226000,"[""Qualtrics"",""Slate CRM"",""Canvas LMS""]","[""Published AI policy""]",,,,"Oakmere College delivers accredited programs and is modernizing curriculum, assessment and learner supports.","[""enrolment decline"",""AI academic-integrity policy gaps"",""faculty upskilling backlog"",""program approval timelines""]"
co_11,Anchorcore,anchorcore.co,Professional Services,Accounting,United States,Northeast,New York,51,$10M–$25M,1981,745000,"[""Power BI"",""Microsoft 365"",""DocuSign""]","[""New executive hire"",""Published AI policy"",""Website relaunch""]",,,,Anchorcore is an advisory firm serving mid-market and public-sector clients.,"[""partner time spent on origination"",""undifferentiated positioning"",""referral dependence""]"
co_12,Quarrymark,quarrymark.io,SaaS,Developer Tools,United Kingdom,England,Manchester,37,$10M–$25M,2018,171000,"[""HubSpot"",""AWS"",""Segment""]",[],Series C,$1.2M,2024,Quarrymark sells a B2B software platform to mid-market operations teams.,"[""CAC creeping up"",""flat pipeline coverage"",""outbound not converting""]"
co_13,Aldercore,aldercore.com,EdTech,Tutoring,Canada,Ontario,Ottawa,225,$50M–$100M,2017,85000,"[""AWS"",""Segment""]",[],Seed,$40M,2024,"Aldercore builds learning software sold into schools, colleges and corporate training teams.","[""long institutional sales cycles"",""procurement friction"",""seat expansion stalls"",""differentiating against incumbents""]"
co_14,Kestrelgate,kestrelgate.org,Corporate Training,Leadership Development,Canada,Ontario,London,247,$50M–$100M,1999,69000,"[""Workday"",""LinkedIn Learning"",""Articulate"",""Docebo""]","[""Recently funded"",""Published AI policy"",""Hiring sales leaders""]",,,,Kestrelgate designs and delivers workforce learning programs for enterprise clients.,"[""proving training ROI"",""low course completion"",""AI-skills gap across staff""]"
co_15,Havengrove,havengrove.com,SaaS,Developer Tools,Canada,Ontario,London,21,$5M–$10M,1994,671000,"[""HubSpot"",""React"",""Snowflake""]","[""New executive hire"",""Published AI policy"",""Website relaunch""]",Seed,$250K,2024,Havengrove sells a B2B software platform to mid-market operations teams.,"[""CAC creeping up"",""flat pipeline coverage"",""outbound not converting""]"
co_16,Northlabs,northlabs.ca,Corporate Training,L&D,United States,Northeast,New York,245,$50M–$100M,2004,876000,"[""Articulate"",""Workday"",""Docebo"",""LinkedIn Learning""]","[""Partnership announced"",""Conference exhibitor"",""Recently funded""]",,,,Northlabs designs and delivers workforce learning programs for enterprise clients.,"[""proving training ROI"",""low course completion"",""AI-skills gap across staff""]"
co_17,Lumenlabs,lumenlabs.org,SaaS,HR Tech,United States,West,San Francisco,91,$25M–$50M,1986,677000,"[""Segment"",""AWS""]",[],Grant,$8M,2022,Lumenlabs sells a B2B software platform to mid-market operations teams.,"[""CAC creeping up"",""flat pipeline coverage"",""outbound not converting""]"
co_18,Anchorpath,anchorpath.org,EdTech,Assessment,Canada,Ontario,Hamilton,23,$5M–$10M,1975,363000,"[""Stripe"",""HubSpot""]",[],Series C,$3.5M,2022,"Anchorpath builds learning software sold into schools, colleges and corporate training teams.","[""long institutional sales cycles"",""procurement friction"",""seat expansion stalls"",""differentiating against incumbents""]"
co_19,Ironpath,ironpath.ca,Professional Services,Law,Canada,Ontario,Oshawa,166,$50M–$100M,1974,715000,"[""Salesforce"",""DocuSign"",""Power BI""]","[""Hiring sales leaders""]",,,,Ironpath is an advisory firm serving mid-market and public-sector clients.,"[""partner time spent on origination"",""undifferentiated positioning"",""referral dependence""]"
co_20,Havencore,havencore.org,EdTech,LMS,Ireland,Leinster,Dublin,1077,$100M+,2008,740000,"[""AWS"",""React"",""HubSpot""]","[""Launched new program"",""Conference exhibitor""]",,,,"Havencore builds learning software sold into schools, colleges and corporate training teams.","[""long institutional sales cycles"",""procurement friction"",""seat expansion stalls"",""differentiating against incumbents""]"
co_21,Fernworks,fernworks.io,Corporate Training,Compliance Training,United Kingdom,England,Leeds,371,$100M+,1972,429000,"[""Docebo"",""Workday""]",[],,,,Fernworks designs and delivers workforce learning programs for enterprise clients.,"[""proving training ROI"",""low course completion"",""AI-skills gap across staff""]"
co_22,Fernbrook University,fernbrookuniversit.com,Higher Education,Polytechnic,Canada,Ontario,London,413,$100M+,1989,347000,"[""Banner"",""Qualtrics"",""Slate CRM"",""Zoom""]","[""Board expansion"",""Job posts for AI roles""]",Seed,$8M,2025,"Fernbrook University delivers accredited programs and is modernizing curriculum, assessment and learner supports.","[""enrolment decline"",""AI academic-integrity policy gaps"",""faculty upskilling backlog"",""program approval timelines""]"
co_23,Vantagepoint,vantagepoint.org,EdTech,LMS,Canada,Ontario,Waterloo,8,$3M–$5M,2000,69000,"[""Segment"",""Stripe"",""HubSpot""]","[""Expanding to new region"",""New campus/office"",""Board expansion""]",,,,"Vantagepoint builds learning software sold into schools, colleges and corporate training teams.","[""long institutional sales cycles"",""procurement friction"",""seat expansion stalls"",""differentiating against incumbents""]"
co_24,Granitespan,granitespan.io,EdTech,Credentialing,Germany,Bavaria,Berlin,87,$25M–$50M,1994,588000,"[""Stripe"",""AWS"",""HubSpot"",""Segment""]",[],,,,"Granitespan builds learning software sold into schools, colleges and corporate training teams.","[""long institutional sales cycles"",""procurement friction"",""seat expansion stalls"",""differentiating against incumbents""]"
co_25,Crestbridge,crestbridge.com,Agency,Digital Consultancy,United States,South,Miami,168,$50M–$100M,1994,47000,"[""Slack"",""HubSpot"",""Webflow"",""Figma""]","[""New campus/office"",""Recently funded"",""Published AI policy""]",Seed,$8M,2023,"Crestbridge is a client-services agency delivering brand, growth and digital work.","[""feast-or-famine pipeline"",""retainer churn"",""founder-led sales bottleneck""]"
co_26,Cardinalworks,cardinalworks.io,Fintech,Lending,Canada,Ontario,Hamilton,46,$10M–$25M,2015,594000,"[""Salesforce"",""Plaid"",""AWS"",""Snowflake""]",[],,,,Cardinalworks builds regulated financial infrastructure for business customers.,"[""compliance overhead"",""long enterprise cycles"",""trust barrier with regulated buyers""]"
co_27,Tamarackforge,tamarackforge.ca,Corporate Training,Compliance Training,United States,Northeast,Boston,388,$100M+,2018,349000,"[""LinkedIn Learning"",""Articulate""]","[""Board expansion"",""Recently funded"",""Website relaunch""]",,,,Tamarackforge designs and delivers workforce learning programs for enterprise clients.,"[""proving training ROI"",""low course completion"",""AI-skills gap across staff""]"
co_28,Northscope,northscope.org,Cybersecurity,Identity,Canada,British Columbia,Vancouver,931,$100M+,2019,260000,"[""Snowflake"",""CrowdStrike"",""Okta"",""AWS""]","[""Published AI policy""]",Seed,$40M,2026,Northscope sells security tooling to engineering and risk teams.,"[""buyer alert fatigue"",""crowded category"",""proving risk reduction""]"
co_29,Cedarshift,cedarshift.io,Nonprofit,Association,Canada,Ontario,Pickering,13,$3M–$5M,1989,244000,"[""Mailchimp"",""Salesforce NPSP"",""Raiser's Edge""]",[],,,,"Cedarshift runs mission programs funded by grants, members and public partners.","[""grant-cycle dependence"",""capacity constraints"",""measuring program outcomes""]"
co_30,Emberscope,emberscope.com,Fintech,Payroll,Canada,Ontario,London,377,$100M+,2002,279000,"[""Plaid"",""Stripe"",""Salesforce"",""Snowflake""]",[],,,,Emberscope builds regulated financial infrastructure for business customers.,"[""compliance overhead"",""long enterprise cycles"",""trust barrier with regulated buyers""]"
co_31,Stonebridge Polytechnic,stonebridgepolytec.com,Higher Education,University,United States,Northeast,Boston,2228,$100M+,2000,347000,"[""Slate CRM"",""Banner"",""Zoom""]","[""New campus/office""]",,,,"Stonebridge Polytechnic delivers accredited programs and is modernizing curriculum, assessment and learner supports.","[""enrolment decline"",""AI academic-integrity policy gaps"",""faculty upskilling backlog"",""program approval timelines""]"
co_32,Riverwave,riverwave.com,EdTech,Assessment,United Kingdom,England,Leeds,1222,$100M+,2008,66000,"[""HubSpot"",""Segment""]",[],Series C,$40M,2026,"Riverwave builds learning software sold into schools, colleges and corporate training teams.","[""long institutional sales cycles"",""procurement friction"",""seat expansion stalls"",""differentiating against incumbents""]"
co_33,Anchorfield,anchorfield.org,Corporate Training,Compliance Training,United States,Northeast,Philadelphia,98,$25M–$50M,2020,64000,"[""LinkedIn Learning"",""Articulate"",""Workday""]","[""Expanding to new region""]",Grant,$3.5M,2023,Anchorfield designs and delivers workforce learning programs for enterprise clients.,"[""proving training ROI"",""low course completion"",""AI-skills gap across staff""]"
co_34,Onyxgrove,onyxgrove.io,Professional Services,Accounting,Canada,Ontario,London,25,$5M–$10M,2011,775000,"[""Salesforce"",""DocuSign"",""Microsoft 365""]","[""New executive hire"",""Recently funded""]",,,,Onyxgrove is an advisory firm serving mid-market and public-sector clients.,"[""partner time spent on origination"",""undifferentiated positioning"",""referral dependence""]"
co_35,Harbourshift,harbourshift.com,Agency,Creative Studio,United States,Northeast,Boston,195,$50M–$100M,1986,413000,"[""Google Ads"",""Figma""]","[""Conference exhibitor"",""Job posts for AI roles""]",Series A,$250K,2026,"Harbourshift is a client-services agency delivering brand, growth and digital work.","[""feast-or-famine pipeline"",""retainer churn"",""founder-led sales bottleneck""]"
co_36,Oakmere College of Applied Arts,oakmerecollegeofap.org,Higher Education,College,United States,West,San Francisco,2558,$100M+,1973,45000,"[""Zoom"",""Slate CRM""]","[""New executive hire""]",Seed,$3.5M,2022,"Oakmere College of Applied Arts delivers accredited programs and is modernizing curriculum, assessment and learner supports.","[""enrolment decline"",""AI academic-integrity policy gaps"",""faculty upskilling backlog"",""program approval timelines""]"
co_37,Mapleforge,mapleforge.ca,EdTech,Tutoring,Canada,British Columbia,Vancouver,1210,$100M+,1984,750000,"[""AWS"",""React""]","[""Partnership announced"",""Hiring sales leaders""]",Series B,$250K,2024,"Mapleforge builds learning software sold into schools, colleges and corporate training teams.","[""long institutional sales cycles"",""procurement friction"",""seat expansion stalls"",""differentiating against incumbents""]"
co_38,Cardinalbridge,cardinalbridge.co,Nonprofit,Foundation,United States,Northeast,New York,37,$10M–$25M,1976,514000,"[""Raiser's Edge"",""Salesforce NPSP"",""Mailchimp""]","[""Website relaunch""]",Grant,$250K,2026,"Cardinalbridge runs mission programs funded by grants, members and public partners.","[""grant-cycle dependence"",""capacity constraints"",""measuring program outcomes""]"
co_39,Northgate University,northgateuniversit.edu,Higher Education,Continuing Studies,United States,Northeast,Boston,818,$100M+,1998,273000,"[""Canvas LMS"",""Zoom"",""Banner"",""Slate CRM""]","[""Hiring sales leaders"",""Partnership announced""]",,,,"Northgate University delivers accredited programs and is modernizing curriculum, assessment and learner supports.","[""enrolment decline"",""AI academic-integrity policy gaps"",""faculty upskilling backlog"",""program approval timelines""]"
co_40,Meridiangate,meridiangate.com,Corporate Training,Compliance Training,United Kingdom,England,Manchester,1092,$100M+,2016,789000,"[""Docebo"",""LinkedIn Learning"",""Workday""]",[],,,,Meridiangate designs and delivers workforce learning programs for enterprise clients.,"[""proving training ROI"",""low course completion"",""AI-skills gap across staff""]"
co_41,Willowspan,willowspan.io,Corporate Training,Compliance Training,United States,Northeast,Philadelphia,534,$100M+,1990,629000,"[""Articulate"",""LinkedIn Learning"",""Workday""]","[""Conference exhibitor"",""Board expansion""]",Series A,$1.2M,2022,Willowspan designs and delivers workforce learning programs for enterprise clients.,"[""proving training ROI"",""low course completion"",""AI-skills gap across staff""]"
co_42,Ridgebridge,ridgebridge.io,Fintech,Lending,Canada,Ontario,London,1159,$100M+,1970,6000,"[""AWS"",""Snowflake""]",[],,,,Ridgebridge builds regulated financial infrastructure for business customers.,"[""compliance overhead"",""long enterprise cycles"",""trust barrier with regulated buyers""]"
co_43,Brookvale Institute,brookvaleinstitute.com,Higher Education,Continuing Studies,United States,Midwest,Chicago,3298,$100M+,2017,381000,"[""Banner"",""Canvas LMS"",""Slate CRM""]",[],,,,"Brookvale Institute delivers accredited programs and is modernizing curriculum, assessment and learner supports.","[""enrolment decline"",""AI academic-integrity policy gaps"",""faculty upskilling backlog"",""program approval timelines""]"
co_44,Kingsway University,kingswayuniversity.edu,Higher Education,Polytechnic,United States,Northeast,Boston,741,$100M+,1994,483000,"[""Canvas LMS"",""Qualtrics"",""Slate CRM""]","[""Hiring sales leaders"",""Board expansion""]",,,,"Kingsway University delivers accredited programs and is modernizing curriculum, assessment and learner supports.","[""enrolment decline"",""AI academic-integrity policy gaps"",""faculty upskilling backlog"",""program approval timelines""]"
co_45,Kingsway Institute,kingswayinstitute.ca,Higher Education,University,Canada,Ontario,London,619,$100M+,2013,406000,"[""Slate CRM"",""Qualtrics"",""Canvas LMS"",""Zoom""]","[""Launched new program"",""Published AI policy"",""Board expansion""]",,,,"Kingsway Institute delivers accredited programs and is modernizing curriculum, assessment and learner supports.","[""enrolment decline"",""AI academic-integrity policy gaps"",""faculty upskilling backlog"",""program approval timelines""]"
co_46,Driftspan,driftspan.io,EdTech,LMS,Canada,Ontario,Toronto,251,$50M–$100M,1970,212000,"[""Stripe"",""AWS"",""HubSpot"",""React""]","[""Recently funded"",""Job posts for AI roles"",""Conference exhibitor""]",,,,"Driftspan builds learning software sold into schools, colleges and corporate training teams.","[""long institutional sales cycles"",""procurement friction"",""seat expansion stalls"",""differentiating against incumbents""]"
co_47,Pinnacleforge,pinnacleforge.ca,Corporate Training,Compliance Training,Ireland,Leinster,Dublin,883,$100M+,1992,841000,"[""Workday"",""Articulate"",""LinkedIn Learning""]",[],Grant,$8M,2024,Pinnacleforge designs and delivers workforce learning programs for enterprise clients.,"[""proving training ROI"",""low course completion"",""AI-skills gap across staff""]"
co_48,Fernlabs,fernlabs.co,SaaS,Vertical SaaS,United States,Northeast,New York,24,$5M–$10M,2021,337000,"[""HubSpot"",""AWS""]",[],,,,Fernlabs sells a B2B software platform to mid-market operations teams.,"[""CAC creeping up"",""flat pipeline coverage"",""outbound not converting""]"
co_49,Westbourne College,westbournecollege.io,Higher Education,Continuing Studies,United States,Midwest,Detroit,3855,$100M+,2003,759000,"[""Zoom"",""Banner""]","[""Partnership announced"",""Recently funded""]",Seed,$15M,2024,"Westbourne College delivers accredited programs and is modernizing curriculum, assessment and learner supports.","[""enrolment decline"",""AI academic-integrity policy gaps"",""faculty upskilling backlog"",""program approval timelines""]"
co_50,Beacongate,beacongate.edu,Professional Services,Law,United Kingdom,Scotland,Glasgow,256,$100M+,1983,686000,"[""Microsoft 365"",""DocuSign"",""Power BI""]","[""Recently funded"",""Conference exhibitor""]",,,,Beacongate is an advisory firm serving mid-market and public-sector clients.,"[""partner time spent on origination"",""undifferentiated positioning"",""referral dependence""]"
co_51,Tamarackscope,tamarackscope.ca,Cybersecurity,Cloud Security,United States,Northeast,Boston,1035,$100M+,2017,133000,"[""CrowdStrike"",""Snowflake"",""AWS"",""Okta""]","[""Launched new program""]",Series C,$3.5M,2023,Tamarackscope sells security tooling to engineering and risk teams.,"[""buyer alert fatigue"",""crowded category"",""proving risk reduction""]"
co_52,Bellhaven Institute,bellhaveninstitute.ca,Higher Education,Polytechnic,United States,West,Los Angeles,323,$100M+,1992,208000,"[""Canvas LMS"",""Slate CRM"",""Banner"",""Qualtrics""]",[],Grant,$15M,2024,"Bellhaven Institute delivers accredited programs and is modernizing curriculum, assessment and learner supports.","[""enrolment decline"",""AI academic-integrity policy gaps"",""faculty upskilling backlog"",""program approval timelines""]"
co_53,Summitgate,summitgate.io,EdTech,Assessment,Canada,Ontario,Pickering,118,$25M–$50M,1980,10000,"[""Segment"",""HubSpot"",""AWS""]",[],,,,"Summitgate builds learning software sold into schools, colleges and corporate training teams.","[""long institutional sales cycles"",""procurement friction"",""seat expansion stalls"",""differentiating against incumbents""]"
co_54,Basinpath,basinpath.ca,EdTech,Student Success,Netherlands,Randstad,Rotterdam,386,$100M+,1987,333000,"[""React"",""AWS"",""HubSpot"",""Stripe""]","[""Launched new program""]",,,,"Basinpath builds learning software sold into schools, colleges and corporate training teams.","[""long institutional sales cycles"",""procurement friction"",""seat expansion stalls"",""differentiating against incumbents""]"
co_55,Elmloop,elmloop.io,SaaS,Vertical SaaS,United States,West,Los Angeles,54,$10M–$25M,2005,532000,"[""HubSpot"",""Segment""]","[""New executive hire"",""Job posts for AI roles"",""Partnership announced""]",,,,Elmloop sells a B2B software platform to mid-market operations teams.,"[""CAC creeping up"",""flat pipeline coverage"",""outbound not converting""]"
co_56,Driftscope,driftscope.edu,Corporate Training,Compliance Training,Canada,Ontario,Oshawa,103,$25M–$50M,1985,12000,"[""Docebo"",""Articulate"",""Workday""]",[],,,,Driftscope designs and delivers workforce learning programs for enterprise clients.,"[""proving training ROI"",""low course completion"",""AI-skills gap across staff""]"
co_57,Ridgepath,ridgepath.co,EdTech,Credentialing,United States,South,Atlanta,12,$3M–$5M,1972,749000,"[""React"",""Stripe"",""HubSpot""]",[],,,,"Ridgepath builds learning software sold into schools, colleges and corporate training teams.","[""long institutional sales cycles"",""procurement friction"",""seat expansion stalls"",""differentiating against incumbents""]"
co_58,Bellhaven University,bellhavenuniversit.co,Higher Education,College,Australia,NSW,Melbourne,490,$100M+,2013,357000,"[""Banner"",""Zoom"",""Qualtrics"",""Slate CRM""]","[""Expanding to new region"",""Job posts for AI roles"",""Hiring sales leaders""]",,,,"Bellhaven University delivers accredited programs and is modernizing curriculum, assessment and learner supports.","[""enrolment decline"",""AI academic-integrity policy gaps"",""faculty upskilling backlog"",""program approval timelines""]"
co_59,Yarrowstack,yarrowstack.org,Professional Services,Accounting,United States,Midwest,Minneapolis,67,$25M–$50M,1987,83000,"[""Power BI"",""Salesforce"",""DocuSign""]",[],,,,Yarrowstack is an advisory firm serving mid-market and public-sector clients.,"[""partner time spent on origination"",""undifferentiated positioning"",""referral dependence""]"
co_60,Havenmark,havenmark.org,Fintech,Lending,Canada,British Columbia,Victoria,105,$25M–$50M,2001,464000,"[""Plaid"",""Snowflake""]",[],,,,Havenmark builds regulated financial infrastructure for business customers.,"[""compliance overhead"",""long enterprise cycles"",""trust barrier with regulated buyers""]"
co_61,Driftgrove,driftgrove.com,Fintech,Treasury,United Kingdom,England,London,39,$10M–$25M,2003,554000,"[""Plaid"",""Salesforce"",""Stripe""]",[],,,,Driftgrove builds regulated financial infrastructure for business customers.,"[""compliance overhead"",""long enterprise cycles"",""trust barrier with regulated buyers""]"
co_62,Driftcore,driftcore.ca,Agency,Digital Consultancy,Canada,Ontario,Pickering,1319,$100M+,1995,793000,"[""Webflow"",""Slack"",""HubSpot""]","[""Launched new program"",""New campus/office"",""New executive hire""]",Grant,$40M,2023,"Driftcore is a client-services agency delivering brand, growth and digital work.","[""feast-or-famine pipeline"",""retainer churn"",""founder-led sales bottleneck""]"
co_63,Crestlabs,crestlabs.co,Fintech,Treasury,Canada,Ontario,Oshawa,76,$25M–$50M,2020,806000,"[""AWS"",""Snowflake"",""Plaid""]","[""Published AI policy""]",Series A,$1.2M,2025,Crestlabs builds regulated financial infrastructure for business customers.,"[""compliance overhead"",""long enterprise cycles"",""trust barrier with regulated buyers""]"
co_64,Eastvale College,eastvalecollege.ca,Higher Education,Polytechnic,United States,Northeast,Philadelphia,300,$100M+,1988,238000,"[""Banner"",""Canvas LMS"",""Zoom""]","[""Board expansion""]",,,,"Eastvale College delivers accredited programs and is modernizing curriculum, assessment and learner supports.","[""enrolment decline"",""AI academic-integrity policy gaps"",""faculty upskilling backlog"",""program approval timelines""]"
co_65,Tamarackshift,tamarackshift.io,Agency,Creative Studio,United States,West,Portland,19,$5M–$10M,2004,810000,"[""Figma"",""HubSpot""]","[""Published AI policy"",""Website relaunch"",""Recently funded""]",Seed,$250K,2023,"Tamarackshift is a client-services agency delivering brand, growth and digital work.","[""feast-or-famine pipeline"",""retainer churn"",""founder-led sales bottleneck""]"
co_66,Dunegate,dunegate.edu,Agency,Creative Studio,United States,Midwest,Chicago,334,$100M+,1991,403000,"[""Google Ads"",""Figma"",""Slack"",""Webflow""]",[],Series B,$1.2M,2023,"Dunegate is a client-services agency delivering brand, growth and digital work.","[""feast-or-famine pipeline"",""retainer churn"",""founder-led sales bottleneck""]"
co_67,Stonebridge College of Applied Arts,stonebridgecollege.edu,Higher Education,College,Germany,Bavaria,Berlin,441,$100M+,1980,657000,"[""Banner"",""Zoom"",""Slate CRM""]",[],Grant,$250K,2026,"Stonebridge College of Applied Arts delivers accredited programs and is modernizing curriculum, assessment and learner supports.","[""enrolment decline"",""AI academic-integrity policy gaps"",""faculty upskilling backlog"",""program approval timelines""]"
co_68,Nimbusspan,nimbusspan.edu,Professional Services,Law,United States,Midwest,Detroit,85,$25M–$50M,1969,462000,"[""Microsoft 365"",""Power BI"",""Salesforce""]",[],,,,Nimbusspan is an advisory firm serving mid-market and public-sector clients.,"[""partner time spent on origination"",""undifferentiated positioning"",""referral dependence""]"
co_69,Northpeak,northpeak.com,Agency,Marketing Agency,United States,West,Portland,103,$25M–$50M,2009,155000,"[""HubSpot"",""Google Ads"",""Slack"",""Webflow""]",[],,,,"Northpeak is a client-services agency delivering brand, growth and digital work.","[""feast-or-famine pipeline"",""retainer churn"",""founder-led sales bottleneck""]"
co_70,Driftgate,driftgate.ca,EdTech,Assessment,United States,Midwest,Chicago,343,$100M+,2013,565000,"[""Stripe"",""AWS"",""React""]",[],,,,"Driftgate builds learning software sold into schools, colleges and corporate training teams.","[""long institutional sales cycles"",""procurement friction"",""seat expansion stalls"",""differentiating against incumbents""]"
co_71,Juniperforge,juniperforge.com,Nonprofit,Workforce Development,Canada,Ontario,Toronto,107,$25M–$50M,1988,480000,"[""Raiser's Edge"",""Mailchimp"",""Salesforce NPSP""]","[""Website relaunch""]",,,,"Juniperforge runs mission programs funded by grants, members and public partners.","[""grant-cycle dependence"",""capacity constraints"",""measuring program outcomes""]"
co_72,Highfield University,highfielduniversit.edu,Higher Education,College,Canada,Quebec,Montreal,3479,$100M+,1990,532000,"[""Canvas LMS"",""Banner"",""Zoom"",""Slate CRM""]",[],,,,"Highfield University delivers accredited programs and is modernizing curriculum, assessment and learner supports.","[""enrolment decline"",""AI academic-integrity policy gaps"",""faculty upskilling backlog"",""program approval timelines""]"
co_73,Juniperwave,juniperwave.co,Fintech,Payments,Canada,Ontario,Toronto,44,$10M–$25M,2000,86000,"[""Snowflake"",""Salesforce"",""Plaid""]",[],,,,Juniperwave builds regulated financial infrastructure for business customers.,"[""compliance overhead"",""long enterprise cycles"",""trust barrier with regulated buyers""]"
co_74,Meridianline,meridianline.ca,Professional Services,Accounting,United States,South,Atlanta,20,$5M–$10M,1973,810000,"[""Microsoft 365"",""Power BI"",""DocuSign"",""Salesforce""]","[""Recently funded"",""Job posts for AI roles"",""Launched new program""]",Series A,$3.5M,2024,Meridianline is an advisory firm serving mid-market and public-sector clients.,"[""partner time spent on origination"",""undifferentiated positioning"",""referral dependence""]"
co_75,Beaconscope,beaconscope.io,EdTech,Student Success,United States,Midwest,Chicago,43,$10M–$25M,2014,276000,"[""Segment"",""React"",""HubSpot""]","[""Board expansion"",""Recently funded"",""Conference exhibitor""]",Grant,$40M,2024,"Beaconscope builds learning software sold into schools, colleges and corporate training teams.","[""long institutional sales cycles"",""procurement friction"",""seat expansion stalls"",""differentiating against incumbents""]"
co_76,Larchgrove,larchgrove.edu,EdTech,Tutoring,United States,South,Atlanta,1039,$100M+,1971,136000,"[""Segment"",""Stripe"",""React""]","[""Partnership announced""]",,,,"Larchgrove builds learning software sold into schools, colleges and corporate training teams.","[""long institutional sales cycles"",""procurement friction"",""seat expansion stalls"",""differentiating against incumbents""]"
co_77,Duneworks,duneworks.com,EdTech,Tutoring,Canada,Alberta,Edmonton,51,$10M–$25M,2002,432000,"[""React"",""HubSpot"",""AWS""]",[],Series C,$8M,2022,"Duneworks builds learning software sold into schools, colleges and corporate training teams.","[""long institutional sales cycles"",""procurement friction"",""seat expansion stalls"",""differentiating against incumbents""]"
co_78,Fernpeak,fernpeak.ca,Corporate Training,L&D,United States,Northeast,Boston,111,$25M–$50M,1990,715000,"[""Workday"",""Articulate""]","[""New executive hire"",""Partnership announced""]",,,,Fernpeak designs and delivers workforce learning programs for enterprise clients.,"[""proving training ROI"",""low course completion"",""AI-skills gap across staff""]"
co_79,Willowlabs,willowlabs.edu,Corporate Training,Compliance Training,Canada,Ontario,Hamilton,711,$100M+,2000,13000,"[""Docebo"",""Articulate"",""Workday"",""LinkedIn Learning""]",[],,,,Willowlabs designs and delivers workforce learning programs for enterprise clients.,"[""proving training ROI"",""low course completion"",""AI-skills gap across staff""]"
co_80,Vantagecore,vantagecore.com,HealthTech,Clinical AI,Canada,Ontario,Ottawa,753,$100M+,2001,658000,"[""Salesforce"",""Twilio"",""AWS"",""Epic""]","[""New executive hire"",""Launched new program"",""Website relaunch""]",,,,Vantagecore delivers clinical software to providers and care networks.,"[""procurement and privacy review"",""clinician adoption"",""reimbursement clarity""]"
co_81,Harbourworks,harbourworks.org,Nonprofit,Workforce Development,United States,Northeast,New York,32,$10M–$25M,1985,144000,"[""Raiser's Edge"",""Mailchimp"",""Salesforce NPSP""]",[],,,,"Harbourworks runs mission programs funded by grants, members and public partners.","[""grant-cycle dependence"",""capacity constraints"",""measuring program outcomes""]"
co_82,Coldwater Institute,coldwaterinstitute.com,Higher Education,University,United States,Midwest,Minneapolis,4137,$100M+,1973,482000,"[""Qualtrics"",""Slate CRM""]","[""Expanding to new region"",""Partnership announced"",""Job posts for AI roles""]",Series C,$40M,2024,"Coldwater Institute delivers accredited programs and is modernizing curriculum, assessment and learner supports.","[""enrolment decline"",""AI academic-integrity policy gaps"",""faculty upskilling backlog"",""program approval timelines""]"
co_83,Cardinalfield,cardinalfield.org,Fintech,Billing,Canada,Ontario,Ottawa,36,$10M–$25M,2014,597000,"[""Stripe"",""Plaid"",""Salesforce""]",[],,,,Cardinalfield builds regulated financial infrastructure for business customers.,"[""compliance overhead"",""long enterprise cycles"",""trust barrier with regulated buyers""]"
co_84,Verdantmark,verdantmark.ca,Corporate Training,Compliance Training,United States,Midwest,Detroit,672,$100M+,1997,42000,"[""Workday"",""Articulate""]",[],,,,Verdantmark designs and delivers workforce learning programs for enterprise clients.,"[""proving training ROI"",""low course completion"",""AI-skills gap across staff""]"
co_85,Dunefield,dunefield.com,Corporate Training,L&D,United States,West,Portland,299,$100M+,2010,523000,"[""LinkedIn Learning"",""Docebo"",""Articulate"",""Workday""]","[""Published AI policy"",""Launched new program"",""New executive hire""]",,,,Dunefield designs and delivers workforce learning programs for enterprise clients.,"[""proving training ROI"",""low course completion"",""AI-skills gap across staff""]"
co_86,Verdantcore,verdantcore.ca,HealthTech,Clinical AI,United Kingdom,Scotland,Glasgow,51,$10M–$25M,1982,638000,"[""Epic"",""Salesforce"",""Twilio""]","[""Recently funded""]",,,,Verdantcore delivers clinical software to providers and care networks.,"[""procurement and privacy review"",""clinician adoption"",""reimbursement clarity""]"
co_87,Draycott University,draycottuniversity.ca,Higher Education,Continuing Studies,United States,West,Los Angeles,910,$100M+,2010,793000,"[""Banner"",""Slate CRM"",""Canvas LMS""]","[""Website relaunch""]",Series A,$3.5M,2025,"Draycott University delivers accredited programs and is modernizing curriculum, assessment and learner supports.","[""enrolment decline"",""AI academic-integrity policy gaps"",""faculty upskilling backlog"",""program approval timelines""]"
co_88,Ironpoint,ironpoint.ca,EdTech,Credentialing,Canada,Ontario,Oshawa,34,$10M–$25M,2006,779000,"[""HubSpot"",""Stripe"",""AWS""]","[""Published AI policy""]",,,,"Ironpoint builds learning software sold into schools, colleges and corporate training teams.","[""long institutional sales cycles"",""procurement friction"",""seat expansion stalls"",""differentiating against incumbents""]"
co_89,Juniperworks,juniperworks.io,SaaS,Vertical SaaS,Canada,Quebec,Quebec City,49,$10M–$25M,1991,260000,"[""Snowflake"",""React"",""Stripe""]",[],,,,Juniperworks sells a B2B software platform to mid-market operations teams.,"[""CAC creeping up"",""flat pipeline coverage"",""outbound not converting""]"
co_90,Fernstack,fernstack.ca,EdTech,Credentialing,Canada,British Columbia,Victoria,355,$100M+,1991,190000,"[""Segment"",""AWS"",""HubSpot"",""Stripe""]","[""Hiring sales leaders"",""Partnership announced""]",,,,"Fernstack builds learning software sold into schools, colleges and corporate training teams.","[""long institutional sales cycles"",""procurement friction"",""seat expansion stalls"",""differentiating against incumbents""]"
co_91,Fernbrook College of Applied Arts,fernbrookcollegeof.com,Higher Education,University,Australia,NSW,Melbourne,1553,$100M+,2019,306000,"[""Canvas LMS"",""Zoom"",""Qualtrics""]",[],Series A,$250K,2022,"Fernbrook College of Applied Arts delivers accredited programs and is modernizing curriculum, assessment and learner supports.","[""enrolment decline"",""AI academic-integrity policy gaps"",""faculty upskilling backlog"",""program approval timelines""]"
co_92,Beaconrise,beaconrise.ca,Corporate Training,Compliance Training,United States,West,San Francisco,1084,$100M+,1982,500000,"[""Articulate"",""LinkedIn Learning""]",[],Series B,$8M,2025,Beaconrise designs and delivers workforce learning programs for enterprise clients.,"[""proving training ROI"",""low course completion"",""AI-skills gap across staff""]"
co_93,Mapleworks,mapleworks.ca,EdTech,Credentialing,United States,Northeast,Philadelphia,24,$5M–$10M,1978,235000,"[""Stripe"",""AWS""]","[""Conference exhibitor"",""Board expansion""]",,,,"Mapleworks builds learning software sold into schools, colleges and corporate training teams.","[""long institutional sales cycles"",""procurement friction"",""seat expansion stalls"",""differentiating against incumbents""]"
co_94,Umbragate,umbragate.co,Corporate Training,Leadership Development,United Kingdom,England,London,217,$50M–$100M,2010,21000,"[""Docebo"",""Articulate"",""LinkedIn Learning"",""Workday""]",[],,,,Umbragate designs and delivers workforce learning programs for enterprise clients.,"[""proving training ROI"",""low course completion"",""AI-skills gap across staff""]"
co_95,Nimbusscope,nimbusscope.com,Agency,Digital Consultancy,United States,Northeast,New York,978,$100M+,2021,561000,"[""Slack"",""Google Ads"",""HubSpot"",""Webflow""]",[],,,,"Nimbusscope is a client-services agency delivering brand, growth and digital work.","[""feast-or-famine pipeline"",""retainer churn"",""founder-led sales bottleneck""]"
co_96,Meridiangrove,meridiangrove.edu,Agency,Digital Consultancy,United States,South,Miami,48,$10M–$25M,2002,383000,"[""HubSpot"",""Webflow""]","[""Published AI policy"",""Website relaunch""]",Grant,$15M,2024,"Meridiangrove is a client-services agency delivering brand, growth and digital work.","[""feast-or-famine pipeline"",""retainer churn"",""founder-led sales bottleneck""]"
co_97,Kestrelpoint,kestrelpoint.org,Fintech,Payments,Canada,Quebec,Montreal,94,$25M–$50M,2004,32000,"[""Plaid"",""AWS"",""Salesforce"",""Stripe""]","[""Website relaunch""]",Series A,$3.5M,2024,Kestrelpoint builds regulated financial infrastructure for business customers.,"[""compliance overhead"",""long enterprise cycles"",""trust barrier with regulated buyers""]"
co_98,Brightworks,brightworks.com,Cybersecurity,Email Security,Canada,Ontario,Waterloo,12,$3M–$5M,1985,798000,"[""AWS"",""Okta""]",[],,,,Brightworks sells security tooling to engineering and risk teams.,"[""buyer alert fatigue"",""crowded category"",""proving risk reduction""]"
co_99,Dunescope,dunescope.org,Fintech,Treasury,United States,South,Atlanta,1037,$100M+,2011,861000,"[""AWS"",""Plaid"",""Stripe""]","[""Launched new program"",""New campus/office""]",,,,Dunescope builds regulated financial infrastructure for business customers.,"[""compliance overhead"",""long enterprise cycles"",""trust barrier with regulated buyers""]"
co_100,Onyxlabs,onyxlabs.org,EdTech,Tutoring,United Kingdom,England,Leeds,339,$100M+,2020,201000,"[""React"",""Stripe"",""HubSpot""]",[],,,,"Onyxlabs builds learning software sold into schools, colleges and corporate training teams.","[""long institutional sales cycles"",""procurement friction"",""seat expansion stalls"",""differentiating against incumbents""]"
co_101,Meridianforge,meridianforge.edu,EdTech,Assessment,United States,West,Seattle,17,$5M–$10M,1994,219000,"[""React"",""AWS""]","[""Board expansion""]",,,,"Meridianforge builds learning software sold into schools, colleges and corporate training teams.","[""long institutional sales cycles"",""procurement friction"",""seat expansion stalls"",""differentiating against incumbents""]"
co_102,Willowpath,willowpath.io,Nonprofit,Association,United States,Northeast,Philadelphia,13,$3M–$5M,1992,293000,"[""Raiser's Edge"",""Salesforce NPSP""]",[],,,,"Willowpath runs mission programs funded by grants, members and public partners.","[""grant-cycle dependence"",""capacity constraints"",""measuring program outcomes""]"
co_103,Willowwave,willowwave.edu,Nonprofit,Workforce Development,Canada,Ontario,London,67,$25M–$50M,2009,775000,"[""Salesforce NPSP"",""Raiser's Edge"",""Mailchimp""]","[""Website relaunch"",""Published AI policy""]",Series B,$8M,2024,"Willowwave runs mission programs funded by grants, members and public partners.","[""grant-cycle dependence"",""capacity constraints"",""measuring program outcomes""]"
co_104,Bellhaven Polytechnic,bellhavenpolytechn.co,Higher Education,University,Canada,Ontario,Toronto,2722,$100M+,2007,176000,"[""Canvas LMS"",""Qualtrics"",""Zoom"",""Slate CRM""]",[],Seed,$40M,2026,"Bellhaven Polytechnic delivers accredited programs and is modernizing curriculum, assessment and learner supports.","[""enrolment decline"",""AI academic-integrity policy gaps"",""faculty upskilling backlog"",""program approval timelines""]"
co_105,Umbragrove,umbragrove.edu,Professional Services,Accounting,Canada,Ontario,Hamilton,231,$50M–$100M,2020,635000,"[""Microsoft 365"",""Power BI""]",[],Series B,$15M,2026,Umbragrove is an advisory firm serving mid-market and public-sector clients.,"[""partner time spent on origination"",""undifferentiated positioning"",""referral dependence""]"
co_106,Juniperpeak,juniperpeak.co,Agency,Marketing Agency,United States,West,Seattle,71,$25M–$50M,2015,237000,"[""Slack"",""Figma"",""HubSpot"",""Google Ads""]","[""Launched new program""]",Series C,$8M,2024,"Juniperpeak is a client-services agency delivering brand, growth and digital work.","[""feast-or-famine pipeline"",""retainer churn"",""founder-led sales bottleneck""]"
co_107,Emberpoint,emberpoint.co,Corporate Training,Compliance Training,Canada,British Columbia,Victoria,848,$100M+,2006,448000,"[""Articulate"",""Docebo""]",[],,,,Emberpoint designs and delivers workforce learning programs for enterprise clients.,"[""proving training ROI"",""low course completion"",""AI-skills gap across staff""]"
co_108,Willowpeak,willowpeak.com,Cybersecurity,Cloud Security,Canada,Ontario,Hamilton,63,$10M–$25M,2019,861000,"[""CrowdStrike"",""AWS"",""Okta""]","[""Website relaunch"",""Partnership announced""]",,,,Willowpeak sells security tooling to engineering and risk teams.,"[""buyer alert fatigue"",""crowded category"",""proving risk reduction""]"
co_109,Anchorpoint,anchorpoint.com,Agency,Marketing Agency,Canada,Ontario,Hamilton,94,$25M–$50M,1983,623000,"[""Google Ads"",""Slack"",""Figma""]",[],,,,"Anchorpoint is a client-services agency delivering brand, growth and digital work.","[""feast-or-famine pipeline"",""retainer churn"",""founder-led sales bottleneck""]"
co_110,Lumenrise,lumenrise.co,SaaS,Developer Tools,United States,West,San Francisco,111,$25M–$50M,1991,27000,"[""Stripe"",""Segment"",""AWS"",""HubSpot""]",[],Seed,$15M,2024,Lumenrise sells a B2B software platform to mid-market operations teams.,"[""CAC creeping up"",""flat pipeline coverage"",""outbound not converting""]"
co_111,Anchorpeak,anchorpeak.co,Agency,Creative Studio,Canada,Ontario,London,121,$25M–$50M,1969,830000,"[""HubSpot"",""Google Ads"",""Webflow"",""Figma""]","[""Job posts for AI roles""]",,,,"Anchorpeak is a client-services agency delivering brand, growth and digital work.","[""feast-or-famine pipeline"",""retainer churn"",""founder-led sales bottleneck""]"
co_112,Alderloop,alderloop.co,HealthTech,Clinical AI,Canada,British Columbia,Victoria,57,$10M–$25M,1993,710000,"[""Twilio"",""Epic"",""Salesforce""]",[],,,,Alderloop delivers clinical software to providers and care networks.,"[""procurement and privacy review"",""clinician adoption"",""reimbursement clarity""]"
co_113,Creststack,creststack.edu,EdTech,Student Success,Canada,Ontario,Ottawa,77,$25M–$50M,1980,300000,"[""AWS"",""HubSpot""]","[""New executive hire""]",,,,"Creststack builds learning software sold into schools, colleges and corporate training teams.","[""long institutional sales cycles"",""procurement friction"",""seat expansion stalls"",""differentiating against incumbents""]"
co_114,Dunewave,dunewave.io,EdTech,LMS,United States,West,San Francisco,58,$10M–$25M,1988,871000,"[""React"",""Stripe"",""AWS""]","[""Published AI policy"",""Recently funded""]",,,,"Dunewave builds learning software sold into schools, colleges and corporate training teams.","[""long institutional sales cycles"",""procurement friction"",""seat expansion stalls"",""differentiating against incumbents""]"
co_115,Basinspan,basinspan.edu,Corporate Training,Leadership Development,United States,South,Nashville,517,$100M+,1987,303000,"[""LinkedIn Learning"",""Workday""]",[],,,,Basinspan designs and delivers workforce learning programs for enterprise clients.,"[""proving training ROI"",""low course completion"",""AI-skills gap across staff""]"
co_116,Duneloop,duneloop.io,SaaS,Productivity,Australia,NSW,Sydney,321,$100M+,1970,658000,"[""Segment"",""HubSpot"",""Snowflake"",""React""]",[],,,,Duneloop sells a B2B software platform to mid-market operations teams.,"[""CAC creeping up"",""flat pipeline coverage"",""outbound not converting""]"
co_117,Claremont College of Applied Arts,claremontcollegeof.edu,Higher Education,University,United States,West,Seattle,438,$100M+,2005,491000,"[""Banner"",""Zoom""]",[],,,,"Claremont College of Applied Arts delivers accredited programs and is modernizing curriculum, assessment and learner supports.","[""enrolment decline"",""AI academic-integrity policy gaps"",""faculty upskilling backlog"",""program approval timelines""]"
co_118,Lumenscope,lumenscope.io,HealthTech,Telehealth,United Kingdom,England,London,227,$50M–$100M,1984,772000,"[""Twilio"",""Epic"",""Salesforce""]","[""Expanding to new region"",""New executive hire""]",,,,Lumenscope delivers clinical software to providers and care networks.,"[""procurement and privacy review"",""clinician adoption"",""reimbursement clarity""]"
co_119,Harbourpath,harbourpath.io,EdTech,Student Success,Canada,Ontario,Toronto,1176,$100M+,1982,774000,"[""AWS"",""React"",""HubSpot"",""Segment""]","[""Conference exhibitor"",""Published AI policy"",""Website relaunch""]",,,,"Harbourpath builds learning software sold into schools, colleges and corporate training teams.","[""long institutional sales cycles"",""procurement friction"",""seat expansion stalls"",""differentiating against incumbents""]"
co_120,Cardinalstack,cardinalstack.ca,Professional Services,Engineering,Canada,Ontario,Waterloo,384,$100M+,1968,535000,"[""DocuSign"",""Microsoft 365""]","[""Recently funded"",""Hiring sales leaders""]",,,,Cardinalstack is an advisory firm serving mid-market and public-sector clients.,"[""partner time spent on origination"",""undifferentiated positioning"",""referral dependence""]"
co_121,Rowanhill College of Applied Arts,rowanhillcollegeof.org,Higher Education,University,Canada,Ontario,Waterloo,557,$100M+,1992,361000,"[""Qualtrics"",""Canvas LMS""]","[""Job posts for AI roles"",""Hiring sales leaders"",""Partnership announced""]",,,,"Rowanhill College of Applied Arts delivers accredited programs and is modernizing curriculum, assessment and learner supports.","[""enrolment decline"",""AI academic-integrity policy gaps"",""faculty upskilling backlog"",""program approval timelines""]"
co_122,Compassforge,compassforge.co,Corporate Training,Leadership Development,United States,West,Seattle,55,$10M–$25M,2005,445000,"[""Workday"",""Articulate""]",[],,,,Compassforge designs and delivers workforce learning programs for enterprise clients.,"[""proving training ROI"",""low course completion"",""AI-skills gap across staff""]"
co_123,Alderfield,alderfield.com,EdTech,Credentialing,Canada,Ontario,Toronto,341,$100M+,2010,827000,"[""React"",""AWS""]",[],,,,"Alderfield builds learning software sold into schools, colleges and corporate training teams.","[""long institutional sales cycles"",""procurement friction"",""seat expansion stalls"",""differentiating against incumbents""]"
co_124,Dunepoint,dunepoint.io,Agency,Creative Studio,United States,South,Miami,16,$5M–$10M,2002,172000,"[""Slack"",""Figma"",""HubSpot""]","[""Published AI policy"",""Hiring sales leaders""]",,,,"Dunepoint is a client-services agency delivering brand, growth and digital work.","[""feast-or-famine pipeline"",""retainer churn"",""founder-led sales bottleneck""]"
co_125,Highfield Institute,highfieldinstitute.io,Higher Education,University,United Kingdom,England,London,3571,$100M+,2004,367000,"[""Banner"",""Canvas LMS""]","[""New campus/office"",""Partnership announced""]",,,,"Highfield Institute delivers accredited programs and is modernizing curriculum, assessment and learner supports.","[""enrolment decline"",""AI academic-integrity policy gaps"",""faculty upskilling backlog"",""program approval timelines""]"
co_126,Ridgewave,ridgewave.io,Fintech,Payroll,Germany,Bavaria,Munich,887,$100M+,1980,278000,"[""Snowflake"",""Salesforce""]","[""Expanding to new region""]",,,,Ridgewave builds regulated financial infrastructure for business customers.,"[""compliance overhead"",""long enterprise cycles"",""trust barrier with regulated buyers""]"
co_127,Yarrowshift,yarrowshift.com,Professional Services,Engineering,Canada,Alberta,Edmonton,59,$10M–$25M,1972,104000,"[""Salesforce"",""Microsoft 365""]",[],Series B,$15M,2024,Yarrowshift is an advisory firm serving mid-market and public-sector clients.,"[""partner time spent on origination"",""undifferentiated positioning"",""referral dependence""]"
co_128,Kingsmere College of Applied Arts,kingsmerecollegeof.org,Higher Education,Continuing Studies,Canada,Ontario,Waterloo,413,$100M+,1997,227000,"[""Canvas LMS"",""Slate CRM""]",[],,,,"Kingsmere College of Applied Arts delivers accredited programs and is modernizing curriculum, assessment and learner supports.","[""enrolment decline"",""AI academic-integrity policy gaps"",""faculty upskilling backlog"",""program approval timelines""]"
co_129,Pinnaclestack,pinnaclestack.org,Nonprofit,Association,Canada,Quebec,Montreal,95,$25M–$50M,1977,565000,"[""Salesforce NPSP"",""Raiser's Edge"",""Mailchimp""]",[],,,,"Pinnaclestack runs mission programs funded by grants, members and public partners.","[""grant-cycle dependence"",""capacity constraints"",""measuring program outcomes""]"
co_130,Vantagescope,vantagescope.edu,SaaS,Analytics,Canada,Ontario,Hamilton,230,$50M–$100M,2023,325000,"[""HubSpot"",""AWS""]",[],,,,Vantagescope sells a B2B software platform to mid-market operations teams.,"[""CAC creeping up"",""flat pipeline coverage"",""outbound not converting""]"
co_131,Ironworks,ironworks.org,Fintech,Payroll,Canada,Ontario,Oshawa,149,$50M–$100M,2012,64000,"[""Plaid"",""Snowflake"",""Salesforce"",""Stripe""]","[""Recently funded"",""Launched new program""]",,,,Ironworks builds regulated financial infrastructure for business customers.,"[""compliance overhead"",""long enterprise cycles"",""trust barrier with regulated buyers""]"
co_132,Grantham Institute,granthaminstitute.co,Higher Education,College,Canada,Ontario,London,1215,$100M+,2024,348000,"[""Slate CRM"",""Canvas LMS"",""Qualtrics""]","[""Launched new program""]",,,,"Grantham Institute delivers accredited programs and is modernizing curriculum, assessment and learner supports.","[""enrolment decline"",""AI academic-integrity policy gaps"",""faculty upskilling backlog"",""program approval timelines""]"
co_133,Arborlabs,arborlabs.io,Corporate Training,Leadership Development,Netherlands,Randstad,Amsterdam,220,$50M–$100M,2018,244000,"[""Articulate"",""Docebo"",""Workday"",""LinkedIn Learning""]",[],Series C,$3.5M,2025,Arborlabs designs and delivers workforce learning programs for enterprise clients.,"[""proving training ROI"",""low course completion"",""AI-skills gap across staff""]"
co_134,Yarrowpeak,yarrowpeak.ca,Agency,Marketing Agency,United States,South,Miami,745,$100M+,1973,739000,"[""HubSpot"",""Webflow""]","[""Published AI policy""]",,,,"Yarrowpeak is a client-services agency delivering brand, growth and digital work.","[""feast-or-famine pipeline"",""retainer churn"",""founder-led sales bottleneck""]"
co_135,Pinnacleline,pinnacleline.io,Agency,Creative Studio,Ireland,Leinster,Dublin,46,$10M–$25M,2005,739000,"[""Figma"",""Google Ads"",""Webflow"",""Slack""]","[""Website relaunch""]",Seed,$3.5M,2024,"Pinnacleline is a client-services agency delivering brand, growth and digital work.","[""feast-or-famine pipeline"",""retainer churn"",""founder-led sales bottleneck""]"
co_136,Quarryloop,quarryloop.com,Cybersecurity,Email Security,Canada,Quebec,Montreal,23,$5M–$10M,1996,167000,"[""Okta"",""AWS"",""Snowflake"",""CrowdStrike""]","[""Expanding to new region""]",,,,Quarryloop sells security tooling to engineering and risk teams.,"[""buyer alert fatigue"",""crowded category"",""proving risk reduction""]"
co_137,Sterling Institute,sterlinginstitute.com,Higher Education,College,Canada,British Columbia,Burnaby,1656,$100M+,1979,608000,"[""Qualtrics"",""Banner"",""Slate CRM""]","[""Board expansion""]",Series A,$3.5M,2023,"Sterling Institute delivers accredited programs and is modernizing curriculum, assessment and learner supports.","[""enrolment decline"",""AI academic-integrity policy gaps"",""faculty upskilling backlog"",""program approval timelines""]"
co_138,Rowanhill University,rowanhilluniversit.co,Higher Education,Polytechnic,United States,Midwest,Chicago,2856,$100M+,1980,239000,"[""Banner"",""Canvas LMS""]",[],Series C,$250K,2024,"Rowanhill University delivers accredited programs and is modernizing curriculum, assessment and learner supports.","[""enrolment decline"",""AI academic-integrity policy gaps"",""faculty upskilling backlog"",""program approval timelines""]"
co_139,Vantagemark,vantagemark.io,SaaS,HR Tech,Canada,Ontario,London,24,$5M–$10M,1983,632000,"[""Segment"",""Snowflake""]","[""New campus/office"",""Launched new program"",""Published AI policy""]",,,,Vantagemark sells a B2B software platform to mid-market operations teams.,"[""CAC creeping up"",""flat pipeline coverage"",""outbound not converting""]"
co_140,Basinrise,basinrise.ca,Nonprofit,Foundation,Canada,Ontario,Waterloo,197,$50M–$100M,1972,176000,"[""Raiser's Edge"",""Salesforce NPSP""]",[],Series B,$15M,2026,"Basinrise runs mission programs funded by grants, members and public partners.","[""grant-cycle dependence"",""capacity constraints"",""measuring program outcomes""]"
co_141,Cedarpeak,cedarpeak.com,Fintech,Lending,Germany,Bavaria,Munich,40,$10M–$25M,2003,299000,"[""Stripe"",""Snowflake"",""Salesforce""]","[""Hiring sales leaders"",""Partnership announced""]",,,,Cedarpeak builds regulated financial infrastructure for business customers.,"[""compliance overhead"",""long enterprise cycles"",""trust barrier with regulated buyers""]"
co_142,Ravenscourt University,ravenscourtunivers.com,Higher Education,University,Canada,Ontario,Hamilton,363,$100M+,1994,314000,"[""Banner"",""Slate CRM""]",[],,,,"Ravenscourt University delivers accredited programs and is modernizing curriculum, assessment and learner supports.","[""enrolment decline"",""AI academic-integrity policy gaps"",""faculty upskilling backlog"",""program approval timelines""]"
co_143,Basinscope,basinscope.io,Corporate Training,Leadership Development,Australia,NSW,Sydney,98,$25M–$50M,1997,268000,"[""Articulate"",""LinkedIn Learning""]","[""Website relaunch"",""Expanding to new region""]",Series B,$1.2M,2024,Basinscope designs and delivers workforce learning programs for enterprise clients.,"[""proving training ROI"",""low course completion"",""AI-skills gap across staff""]"
co_144,Arborgate,arborgate.edu,Cybersecurity,Email Security,United States,South,Austin,1013,$100M+,1979,704000,"[""AWS"",""Snowflake"",""CrowdStrike""]",[],Series B,$1.2M,2024,Arborgate sells security tooling to engineering and risk teams.,"[""buyer alert fatigue"",""crowded category"",""proving risk reduction""]"
co_145,Umbrarise,umbrarise.io,Corporate Training,Leadership Development,United States,West,San Francisco,79,$25M–$50M,2009,137000,"[""Workday"",""Docebo"",""Articulate"",""LinkedIn Learning""]","[""New executive hire"",""Hiring sales leaders"",""Board expansion""]",,,,Umbrarise designs and delivers workforce learning programs for enterprise clients.,"[""proving training ROI"",""low course completion"",""AI-skills gap across staff""]"
co_146,Basinforge,basinforge.com,Agency,Creative Studio,United Kingdom,England,London,27,$5M–$10M,1997,883000,"[""HubSpot"",""Slack""]","[""New campus/office"",""Conference exhibitor""]",Series B,$250K,2022,"Basinforge is a client-services agency delivering brand, growth and digital work.","[""feast-or-famine pipeline"",""retainer churn"",""founder-led sales bottleneck""]"
co_147,Northpath,northpath.co,Fintech,Payroll,United States,West,San Francisco,24,$5M–$10M,2020,129000,"[""AWS"",""Salesforce""]",[],Grant,$8M,2024,Northpath builds regulated financial infrastructure for business customers.,"[""compliance overhead"",""long enterprise cycles"",""trust barrier with regulated buyers""]"
co_148,Anchorrise,anchorrise.ca,Corporate Training,L&D,United States,Midwest,Minneapolis,162,$50M–$100M,1973,221000,"[""LinkedIn Learning"",""Workday"",""Articulate""]","[""Published AI policy"",""Conference exhibitor""]",Grant,$15M,2024,Anchorrise designs and delivers workforce learning programs for enterprise clients.,"[""proving training ROI"",""low course completion"",""AI-skills gap across staff""]"
co_149,Crestwood Polytechnic,crestwoodpolytechn.co,Higher Education,College,United Kingdom,Scotland,Edinburgh,3864,$100M+,1986,745000,"[""Slate CRM"",""Canvas LMS""]",[],,,,"Crestwood Polytechnic delivers accredited programs and is modernizing curriculum, assessment and learner supports.","[""enrolment decline"",""AI academic-integrity policy gaps"",""faculty upskilling backlog"",""program approval timelines""]"
co_150,Basinwave,basinwave.org,Professional Services,Accounting,Netherlands,Randstad,Rotterdam,37,$10M–$25M,1970,442000,"[""DocuSign"",""Microsoft 365"",""Power BI""]",[],Seed,$15M,2023,Basinwave is an advisory firm serving mid-market and public-sector clients.,"[""partner time spent on origination"",""undifferentiated positioning"",""referral dependence""]"
co_151,Verdantline,verdantline.org,Nonprofit,Workforce Development,United Kingdom,Scotland,Edinburgh,60,$10M–$25M,2024,18000,"[""Salesforce NPSP"",""Mailchimp""]","[""Launched new program"",""New executive hire"",""Job posts for AI roles""]",,,,"Verdantline runs mission programs funded by grants, members and public partners.","[""grant-cycle dependence"",""capacity constraints"",""measuring program outcomes""]"
co_152,Aldergate,aldergate.com,Professional Services,Engineering,Germany,Bavaria,Berlin,63,$10M–$25M,1983,503000,"[""Microsoft 365"",""Power BI"",""DocuSign""]","[""Website relaunch"",""Launched new program""]",,,,Aldergate is an advisory firm serving mid-market and public-sector clients.,"[""partner time spent on origination"",""undifferentiated positioning"",""referral dependence""]"
co_153,Cedarforge,cedarforge.edu,Fintech,Treasury,Canada,Ontario,Hamilton,68,$25M–$50M,1987,122000,"[""Snowflake"",""Salesforce"",""AWS"",""Stripe""]",[],,,,Cedarforge builds regulated financial infrastructure for business customers.,"[""compliance overhead"",""long enterprise cycles"",""trust barrier with regulated buyers""]"
co_154,Maplewave,maplewave.io,EdTech,LMS,United States,Midwest,Chicago,24,$5M–$10M,2005,111000,"[""Segment"",""AWS"",""Stripe"",""React""]","[""Published AI policy"",""Job posts for AI roles"",""New executive hire""]",Series B,$15M,2023,"Maplewave builds learning software sold into schools, colleges and corporate training teams.","[""long institutional sales cycles"",""procurement friction"",""seat expansion stalls"",""differentiating against incumbents""]"
co_155,Yarrowworks,yarrowworks.edu,Professional Services,Law,United Kingdom,England,Bristol,384,$100M+,1988,853000,"[""Microsoft 365"",""DocuSign"",""Salesforce"",""Power BI""]","[""Expanding to new region"",""Partnership announced"",""Launched new program""]",Series B,$3.5M,2025,Yarrowworks is an advisory firm serving mid-market and public-sector clients.,"[""partner time spent on origination"",""undifferentiated positioning"",""referral dependence""]"
co_156,Ridgeshift,ridgeshift.io,Corporate Training,Leadership Development,United States,Midwest,Minneapolis,1131,$100M+,1993,57000,"[""Articulate"",""Workday""]","[""Expanding to new region""]",,,,Ridgeshift designs and delivers workforce learning programs for enterprise clients.,"[""proving training ROI"",""low course completion"",""AI-skills gap across staff""]"
co_157,Verdantlabs,verdantlabs.com,Professional Services,Accounting,United Kingdom,England,London,186,$50M–$100M,2022,889000,"[""Microsoft 365"",""DocuSign"",""Power BI"",""Salesforce""]","[""New executive hire"",""Expanding to new region""]",Series C,$15M,2025,Verdantlabs is an advisory firm serving mid-market and public-sector clients.,"[""partner time spent on origination"",""undifferentiated positioning"",""referral dependence""]"
co_158,Tamarackspan,tamarackspan.co,EdTech,Tutoring,Canada,British Columbia,Vancouver,30,$5M–$10M,2007,249000,"[""Segment"",""React"",""AWS"",""HubSpot""]",[],,,,"Tamarackspan builds learning software sold into schools, colleges and corporate training teams.","[""long institutional sales cycles"",""procurement friction"",""seat expansion stalls"",""differentiating against incumbents""]"
co_159,Eastvale College of Applied Arts,eastvalecollegeofa.com,Higher Education,University,Canada,Quebec,Montreal,1483,$100M+,1983,612000,"[""Canvas LMS"",""Slate CRM""]",[],,,,"Eastvale College of Applied Arts delivers accredited programs and is modernizing curriculum, assessment and learner supports.","[""enrolment decline"",""AI academic-integrity policy gaps"",""faculty upskilling backlog"",""program approval timelines""]"
co_160,Driftforge,driftforge.ca,Cybersecurity,Email Security,Canada,Ontario,Ottawa,57,$10M–$25M,2015,730000,"[""Snowflake"",""Okta""]",[],,,,Driftforge sells security tooling to engineering and risk teams.,"[""buyer alert fatigue"",""crowded category"",""proving risk reduction""]"
co_161,Graniteworks,graniteworks.ca,Professional Services,Accounting,United States,South,Miami,147,$50M–$100M,2004,23000,"[""Salesforce"",""Power BI""]","[""Recently funded"",""New campus/office"",""Launched new program""]",Series B,$250K,2022,Graniteworks is an advisory firm serving mid-market and public-sector clients.,"[""partner time spent on origination"",""undifferentiated positioning"",""referral dependence""]"
co_162,Tamarackpeak,tamarackpeak.edu,Professional Services,Engineering,United Kingdom,Scotland,Glasgow,769,$100M+,2021,54000,"[""DocuSign"",""Power BI"",""Microsoft 365""]",[],,,,Tamarackpeak is an advisory firm serving mid-market and public-sector clients.,"[""partner time spent on origination"",""undifferentiated positioning"",""referral dependence""]"
co_163,Summitlabs,summitlabs.co,EdTech,Assessment,Canada,British Columbia,Victoria,841,$100M+,2013,803000,"[""HubSpot"",""Segment"",""AWS""]",[],Series C,$40M,2024,"Summitlabs builds learning software sold into schools, colleges and corporate training teams.","[""long institutional sales cycles"",""procurement friction"",""seat expansion stalls"",""differentiating against incumbents""]"
co_164,Arborbridge,arborbridge.ca,EdTech,Tutoring,United States,Midwest,Chicago,231,$50M–$100M,2002,483000,"[""Segment"",""AWS"",""HubSpot"",""Stripe""]",[],Series A,$8M,2024,"Arborbridge builds learning software sold into schools, colleges and corporate training teams.","[""long institutional sales cycles"",""procurement friction"",""seat expansion stalls"",""differentiating against incumbents""]"
co_165,Cardinalmark,cardinalmark.edu,EdTech,Credentialing,United States,South,Miami,233,$50M–$100M,2006,209000,"[""React"",""AWS"",""Stripe"",""Segment""]",[],,,,"Cardinalmark builds learning software sold into schools, colleges and corporate training teams.","[""long institutional sales cycles"",""procurement friction"",""seat expansion stalls"",""differentiating against incumbents""]"
co_166,Crestshift,crestshift.org,Agency,Creative Studio,Canada,Ontario,Toronto,101,$25M–$50M,1980,91000,"[""Google Ads"",""Slack"",""Webflow"",""Figma""]",[],,,,"Crestshift is a client-services agency delivering brand, growth and digital work.","[""feast-or-famine pipeline"",""retainer churn"",""founder-led sales bottleneck""]"
co_167,Ironbridge,ironbridge.io,Corporate Training,L&D,Canada,Ontario,Ottawa,513,$100M+,1979,586000,"[""Workday"",""Docebo"",""LinkedIn Learning""]",[],Grant,$3.5M,2025,Ironbridge designs and delivers workforce learning programs for enterprise clients.,"[""proving training ROI"",""low course completion"",""AI-skills gap across staff""]"
co_168,Verdantbridge,verdantbridge.io,SaaS,HR Tech,United States,Midwest,Chicago,33,$10M–$25M,1994,575000,"[""Stripe"",""Snowflake"",""React"",""Segment""]","[""New executive hire"",""Recently funded""]",Seed,$40M,2026,Verdantbridge sells a B2B software platform to mid-market operations teams.,"[""CAC creeping up"",""flat pipeline coverage"",""outbound not converting""]"
co_169,Ashcombe College,ashcombecollege.org,Higher Education,University,Ireland,Leinster,Dublin,437,$100M+,1999,872000,"[""Slate CRM"",""Canvas LMS""]",[],,,,"Ashcombe College delivers accredited programs and is modernizing curriculum, assessment and learner supports.","[""enrolment decline"",""AI academic-integrity policy gaps"",""faculty upskilling backlog"",""program approval timelines""]"
co_170,Onyxworks,onyxworks.ca,Agency,Digital Consultancy,United States,West,San Francisco,23,$5M–$10M,1994,822000,"[""Google Ads"",""Webflow"",""Figma"",""Slack""]","[""New executive hire"",""New campus/office"",""Job posts for AI roles""]",Grant,$40M,2025,"Onyxworks is a client-services agency delivering brand, growth and digital work.","[""feast-or-famine pipeline"",""retainer churn"",""founder-led sales bottleneck""]"
co_171,Riverpath,riverpath.com,EdTech,Tutoring,United States,Northeast,Boston,243,$50M–$100M,1981,312000,"[""Stripe"",""Segment""]","[""Hiring sales leaders"",""Published AI policy"",""Launched new program""]",Grant,$8M,2024,"Riverpath builds learning software sold into schools, colleges and corporate training teams.","[""long institutional sales cycles"",""procurement friction"",""seat expansion stalls"",""differentiating against incumbents""]"
co_172,Harbourgrove,harbourgrove.ca,Fintech,Payroll,United States,Northeast,Boston,31,$5M–$10M,2007,503000,"[""Salesforce"",""Snowflake"",""Stripe"",""AWS""]",[],Series A,$40M,2026,Harbourgrove builds regulated financial infrastructure for business customers.,"[""compliance overhead"",""long enterprise cycles"",""trust barrier with regulated buyers""]"
co_173,Kestrelcore,kestrelcore.co,Corporate Training,L&D,Canada,Ontario,Oshawa,722,$100M+,1974,24000,"[""LinkedIn Learning"",""Workday"",""Articulate"",""Docebo""]",[],Series B,$8M,2023,Kestrelcore designs and delivers workforce learning programs for enterprise clients.,"[""proving training ROI"",""low course completion"",""AI-skills gap across staff""]"
co_174,Elmwood College,elmwoodcollege.co,Higher Education,Polytechnic,United States,Midwest,Chicago,304,$100M+,2020,263000,"[""Zoom"",""Slate CRM"",""Canvas LMS"",""Qualtrics""]",[],,,,"Elmwood College delivers accredited programs and is modernizing curriculum, assessment and learner supports.","[""enrolment decline"",""AI academic-integrity policy gaps"",""faculty upskilling backlog"",""program approval timelines""]"
co_175,Kingsway College,kingswaycollege.ca,Higher Education,College,United States,Northeast,Philadelphia,899,$100M+,1982,621000,"[""Qualtrics"",""Slate CRM"",""Canvas LMS""]","[""Hiring sales leaders"",""Expanding to new region"",""Recently funded""]",Series B,$3.5M,2022,"Kingsway College delivers accredited programs and is modernizing curriculum, assessment and learner supports.","[""enrolment decline"",""AI academic-integrity policy gaps"",""faculty upskilling backlog"",""program approval timelines""]"
co_176,Anchorforge,anchorforge.edu,Agency,Creative Studio,Ireland,Leinster,Dublin,17,$5M–$10M,1994,158000,"[""Slack"",""Webflow"",""Figma"",""HubSpot""]","[""Conference exhibitor""]",,,,"Anchorforge is a client-services agency delivering brand, growth and digital work.","[""feast-or-famine pipeline"",""retainer churn"",""founder-led sales bottleneck""]"
co_177,Granitelabs,granitelabs.org,Professional Services,Management Consulting,Ireland,Leinster,Dublin,35,$10M–$25M,2007,285000,"[""Salesforce"",""DocuSign"",""Microsoft 365""]",[],Grant,$40M,2025,Granitelabs is an advisory firm serving mid-market and public-sector clients.,"[""partner time spent on origination"",""undifferentiated positioning"",""referral dependence""]"
co_178,Umbraloop,umbraloop.co,Agency,Digital Consultancy,United Kingdom,England,Manchester,18,$5M–$10M,2022,682000,"[""Google Ads"",""Slack""]",[],,,,"Umbraloop is a client-services agency delivering brand, growth and digital work.","[""feast-or-famine pipeline"",""retainer churn"",""founder-led sales bottleneck""]"
co_179,Ashford University,ashforduniversity.co,Higher Education,Polytechnic,United States,Northeast,New York,687,$100M+,1983,213000,"[""Zoom"",""Slate CRM""]",[],Seed,$1.2M,2026,"Ashford University delivers accredited programs and is modernizing curriculum, assessment and learner supports.","[""enrolment decline"",""AI academic-integrity policy gaps"",""faculty upskilling backlog"",""program approval timelines""]"
co_180,Yarrowmark,yarrowmark.ca,EdTech,Assessment,United States,Northeast,New York,198,$50M–$100M,2020,170000,"[""AWS"",""React""]","[""Launched new program"",""New executive hire"",""Conference exhibitor""]",Series B,$8M,2024,"Yarrowmark builds learning software sold into schools, colleges and corporate training teams.","[""long institutional sales cycles"",""procurement friction"",""seat expansion stalls"",""differentiating against incumbents""]"
co_181,Ravenscourt College of Applied Arts,ravenscourtcollege.edu,Higher Education,Continuing Studies,United States,Northeast,New York,2293,$100M+,2012,758000,"[""Zoom"",""Slate CRM""]","[""Recently funded"",""Conference exhibitor"",""Launched new program""]",,,,"Ravenscourt College of Applied Arts delivers accredited programs and is modernizing curriculum, assessment and learner supports.","[""enrolment decline"",""AI academic-integrity policy gaps"",""faculty upskilling backlog"",""program approval timelines""]"
co_182,Mapleline,mapleline.io,SaaS,Analytics,Canada,Ontario,Ottawa,47,$10M–$25M,2003,699000,"[""Snowflake"",""Stripe""]",[],,,,Mapleline sells a B2B software platform to mid-market operations teams.,"[""CAC creeping up"",""flat pipeline coverage"",""outbound not converting""]"
co_183,Brightmark,brightmark.org,SaaS,Developer Tools,Ireland,Leinster,Dublin,68,$25M–$50M,1991,205000,"[""AWS"",""HubSpot""]","[""Board expansion"",""Partnership announced""]",,,,Brightmark sells a B2B software platform to mid-market operations teams.,"[""CAC creeping up"",""flat pipeline coverage"",""outbound not converting""]"
co_184,Kestrelline,kestrelline.org,EdTech,Credentialing,United Kingdom,England,Bristol,26,$5M–$10M,1974,829000,"[""React"",""HubSpot"",""Segment"",""AWS""]",[],Seed,$8M,2025,"Kestrelline builds learning software sold into schools, colleges and corporate training teams.","[""long institutional sales cycles"",""procurement friction"",""seat expansion stalls"",""differentiating against incumbents""]"
co_185,Cedarlabs,cedarlabs.io,SaaS,Analytics,United States,Northeast,New York,978,$100M+,1978,142000,"[""React"",""Stripe"",""HubSpot""]","[""New executive hire""]",,,,Cedarlabs sells a B2B software platform to mid-market operations teams.,"[""CAC creeping up"",""flat pipeline coverage"",""outbound not converting""]"
co_186,Verdantshift,verdantshift.ca,Nonprofit,Workforce Development,Netherlands,Randstad,Amsterdam,30,$5M–$10M,2007,579000,"[""Salesforce NPSP"",""Raiser's Edge"",""Mailchimp""]",[],,,,"Verdantshift runs mission programs funded by grants, members and public partners.","[""grant-cycle dependence"",""capacity constraints"",""measuring program outcomes""]"